Average of energy_intensity_per_capita,Average of gdp_per_capita,country
0.005678141888850458,28320.836041483966,Iceland
0.0011237855349165579,3172.0052850791985,Indonesia
0.0006534010026086036,1710.2386178071138,India
