country,Sum of gdp_per_capita
Iceland,1585966.818323102
Indonesia,383812.639494583
India,208649.1113724679
