country,Sum of energy_growth_rate
Indonesia,28.164209715231593
India,14.28250201182902
Iceland,7.5594538618223215
